"Source:","D:\GIThub\cfuc\pcb\main\main.sch"
"Date:","28.04.2020 22:08:42"
"Tool:","Eeschema (5.1.4)-1"
"Generator:","D:\Programy\KiCad\bin\scripting\plugins/bom_csv_grouped_by_value.py"
"Component Count:","27"

"Individual Components:"

"Item","Qty","Reference(s)","Value","LibPart","Footprint","Datasheet","1st Disrtib Link","Manufacturer"
"","","C1","1u","Device:C_Small","Capacitors_SMD:C_0603","~","",""
"","","C2","100n","Device:C_Small","Capacitors_SMD:C_0603","~","",""
"","","C3","100n","Device:C_Small","Capacitors_SMD:C_0603","~","",""
"","","C4","1u","Device:C_Small","Capacitors_SMD:C_0603","~","",""
"","","C6","100n","Device:C_Small","Capacitors_SMD:C_0603","~","",""
"","","C7","10u","Device:C_Small","Capacitors_SMD:C_0603","~","",""
"","","C8","10u","Device:C_Small","Capacitors_SMD:C_0603","~","",""
"","","C9","100n","Device:C_Small","Capacitors_SMD:C_0603","~","",""
"","","C10","1u","Device:C_Small","Capacitors_SMD:C_0603","~","",""
"","","C11","100n","Device:C_Small","Capacitors_SMD:C_0603","~","",""
"","","C12","4,7u","Device:C_Small","Capacitors_SMD:C_0603","~","",""
"","","D1","PESD2CAN","Power_Protection:NUP2105L","TO_SOT_Packages_SMD:SOT-23","https://assets.nexperia.com/documents/data-sheet/PESD2CAN.pdf","https://octopart.com/pesd2can%2C215-nexperia-78741113?r=sp","Nexperia"
"","","D2","LED","Device:LED","LEDs:LED_0603","~","https://www.maritex.com.pl/led/diody_led_smd/diody_led_0603/diody_led_smd_0603_standardowej_jasnosci/led0603-gyw120-h.html",""
"","","J1","USBMCS1B5W","Connector:USB_B_Micro","ucan_custom:USBMCS1B5W","https://www.maritex.com.pl/product/attachment/37540/USBMCS1B5W-1.pdf","https://www.maritex.com.pl/zlacza/zlacza_usb_hdmi_ieee/zlacza_i_kable_usb/zlacza_mini_i_micro_usb/usbmcs1b5w1.html","WELLCO"
"","","J2","Screw_Terminal_01x03/3,5","Connector:Screw_Terminal_01x03","TerminalBlocks_Phoenix:TerminalBlock_Phoenix_PT-3.5mm_3pol","https://www.maritex.com.pl/product/attachment/38073/tbx350xs.pdf","https://www.maritex.com.pl/zlacza/listwy_zaciskowe/listwy_zaciskowe_standard_nierozlaczalne/listwy_zaciskowe_pionowe_z_ruchoma_oslona_przewodu_w_rastrze_3_50mm/tbx3503s-lf.html","XINYA"
"","","J4","Conn_01x04_Male","Connector:Conn_01x04_Male","Pin_Headers:Pin_Header_Straight_2x02_Pitch1.27mm","~","",""
"","","J5","Conn_01x02_Female","Connector:Conn_01x02_Female","Pin_Header_Straight_1x02_Pitch2.54mm","~","https://www.maritex.com.pl/zlacza/listwy_stykowe/listwy_w_rastrze_2_54mm/listwy_kolkowe_proste_jednorzedowe_w_rastrze_2_54mm/pls02su.html",""
"","","JP1","SolderJumper_2_Open","Jumper:SolderJumper_2_Open","ucan_custom:mini_GS2","~","",""
"","","JP2","SolderJumper_2_Open","Jumper:SolderJumper_2_Open","ucan_custom:mini_GS2","~","",""
"","","JP3","SolderJumper_2_Open","Jumper:SolderJumper_2_Open","Connectors:GS2","~","",""
"","","L1","BLM18TG601TN1D","Device:L_Core_Ferrite_Small","Resistors_SMD:R_0603","https://octopart.com/blm18tg601tn1d-murata-5405438?r=sp&s=IUm1s-ppRWC8jOS_8ERnwA","https://octopart.com/blm18tg601tn1d-murata-5405438?r=sp&s=IUm1s-ppRWC8jOS_8ERnwA",""
"","","R2","120","Device:R_Small_US","Resistors_SMD:R_0603","~","",""
"","","R3","1k","Device:R_Small_US","Resistors_SMD:R_0603","~","",""
"","","U1","MCP1700-3302E_SOT23","Regulator_Linear:MCP1700-3302E_SOT23","TO_SOT_Packages_SMD:SOT-23","http://ww1.microchip.com/downloads/en/DeviceDoc/20001826D.pdf","https://octopart.com/mcp1703at-3302e%2Fcb-microchip-22267476?r=sp","Microchip"
"","","U2","MCP2542FDxMF","Interface_CAN_LIN:MCP2542FDxMF","Housings_DFN_QFN:DFN-8-1EP_3x3mm_Pitch0.65mm","http://ww1.microchip.com/downloads/en/DeviceDoc/MCP2542FD-4FD-MCP2542WFD-4WFD-Data-Sheet20005514B.pdf","https://octopart.com/mcp2542fdt-e%2Fmf-microchip-67312997?r=sp&s=23YyJb1rSaa9LVovInAklQ","Microchip"
"","","U3","USBLC6-2SC6","Power_Protection:USBLC6-2SC6","TO_SOT_Packages_SMD:SOT-23-6","http://www2.st.com/resource/en/datasheet/CD00050750.pdf","https://octopart.com/usblc6-2sc6-stmicroelectronics-39666276?r=sp","STMicroelectronics"
"","","U4","STM32G431CBUx","cfuc:STM32G431CBUx","Housings_DFN_QFN:QFN-48-1EP_7x7mm_Pitch0.5mm","http://datasheet.octopart.com/STM32G431CBU6-STMicroelectronics-datasheet-136120343.pdf","https://octopart.com/stm32g431cbu6-stmicroelectronics-102308472?r=sp","STMicroelectronics"



"Collated Components:"

"Item","Qty","Reference(s)","Value","LibPart","Footprint","Datasheet","1st Disrtib Link","Manufacturer"
"1","3","C1, C4, C10","1u","Device:C_Small","Capacitors_SMD:C_0603","~","",""
"2","5","C2, C3, C6, C9, C11","100n","Device:C_Small","Capacitors_SMD:C_0603","~","",""
"3","2","C7, C8","10u","Device:C_Small","Capacitors_SMD:C_0603","~","",""
"4","1","C12","4,7u","Device:C_Small","Capacitors_SMD:C_0603","~","",""
"5","1","D1","PESD2CAN","Power_Protection:NUP2105L","TO_SOT_Packages_SMD:SOT-23","https://assets.nexperia.com/documents/data-sheet/PESD2CAN.pdf","https://octopart.com/pesd2can%2C215-nexperia-78741113?r=sp","Nexperia"
"6","1","D2","LED","Device:LED","LEDs:LED_0603","~","https://www.maritex.com.pl/led/diody_led_smd/diody_led_0603/diody_led_smd_0603_standardowej_jasnosci/led0603-gyw120-h.html",""
"7","1","J1","USBMCS1B5W","Connector:USB_B_Micro","ucan_custom:USBMCS1B5W","https://www.maritex.com.pl/product/attachment/37540/USBMCS1B5W-1.pdf","https://www.maritex.com.pl/zlacza/zlacza_usb_hdmi_ieee/zlacza_i_kable_usb/zlacza_mini_i_micro_usb/usbmcs1b5w1.html","WELLCO"
"8","1","J2","Screw_Terminal_01x03/3,5","Connector:Screw_Terminal_01x03","TerminalBlocks_Phoenix:TerminalBlock_Phoenix_PT-3.5mm_3pol","https://www.maritex.com.pl/product/attachment/38073/tbx350xs.pdf","https://www.maritex.com.pl/zlacza/listwy_zaciskowe/listwy_zaciskowe_standard_nierozlaczalne/listwy_zaciskowe_pionowe_z_ruchoma_oslona_przewodu_w_rastrze_3_50mm/tbx3503s-lf.html","XINYA"
"9","1","J4","Conn_01x04_Male","Connector:Conn_01x04_Male","Pin_Headers:Pin_Header_Straight_2x02_Pitch1.27mm","~","",""
"10","1","J5","Conn_01x02_Female","Connector:Conn_01x02_Female","Pin_Header_Straight_1x02_Pitch2.54mm","~","https://www.maritex.com.pl/zlacza/listwy_stykowe/listwy_w_rastrze_2_54mm/listwy_kolkowe_proste_jednorzedowe_w_rastrze_2_54mm/pls02su.html",""
"11","2","JP1, JP2","SolderJumper_2_Open","Jumper:SolderJumper_2_Open","ucan_custom:mini_GS2","~","",""
"12","1","JP3","SolderJumper_2_Open","Jumper:SolderJumper_2_Open","Connectors:GS2","~","",""
"13","1","L1","BLM18TG601TN1D","Device:L_Core_Ferrite_Small","Resistors_SMD:R_0603","https://octopart.com/blm18tg601tn1d-murata-5405438?r=sp&s=IUm1s-ppRWC8jOS_8ERnwA","https://octopart.com/blm18tg601tn1d-murata-5405438?r=sp&s=IUm1s-ppRWC8jOS_8ERnwA",""
"14","1","R2","120","Device:R_Small_US","Resistors_SMD:R_0603","~","",""
"15","1","R3","1k","Device:R_Small_US","Resistors_SMD:R_0603","~","",""
"16","1","U1","MCP1700-3302E_SOT23","Regulator_Linear:MCP1700-3302E_SOT23","TO_SOT_Packages_SMD:SOT-23","http://ww1.microchip.com/downloads/en/DeviceDoc/20001826D.pdf","https://octopart.com/mcp1703at-3302e%2Fcb-microchip-22267476?r=sp","Microchip"
"17","1","U2","MCP2542FDxMF","Interface_CAN_LIN:MCP2542FDxMF","Housings_DFN_QFN:DFN-8-1EP_3x3mm_Pitch0.65mm","http://ww1.microchip.com/downloads/en/DeviceDoc/MCP2542FD-4FD-MCP2542WFD-4WFD-Data-Sheet20005514B.pdf","https://octopart.com/mcp2542fdt-e%2Fmf-microchip-67312997?r=sp&s=23YyJb1rSaa9LVovInAklQ","Microchip"
"18","1","U3","USBLC6-2SC6","Power_Protection:USBLC6-2SC6","TO_SOT_Packages_SMD:SOT-23-6","http://www2.st.com/resource/en/datasheet/CD00050750.pdf","https://octopart.com/usblc6-2sc6-stmicroelectronics-39666276?r=sp","STMicroelectronics"
"19","1","U4","STM32G431CBUx","cfuc:STM32G431CBUx","Housings_DFN_QFN:QFN-48-1EP_7x7mm_Pitch0.5mm","http://datasheet.octopart.com/STM32G431CBU6-STMicroelectronics-datasheet-136120343.pdf","https://octopart.com/stm32g431cbu6-stmicroelectronics-102308472?r=sp","STMicroelectronics"
